<?xml version="1.0" encoding="UTF-8"?>
<project-private xmlns="http://www.netbeans.org/ns/project-private/1">
    <editor-bookmarks xmlns="http://www.netbeans.org/ns/editor-bookmarks/2" lastBookmarkId="0"/>
    <open-files xmlns="http://www.netbeans.org/ns/projectui-open-files/2">
        <group>
            <file>file:/home/hsnt/Java/JavaApplication/src/ui/SignUp.java</file>
            <file>file:/home/hsnt/Java/JavaApplication/src/ui/MediaItem.java</file>
            <file>file:/home/hsnt/Java/JavaApplication/src/ui/MediaItemFrame.java</file>
            <file>file:/home/hsnt/Java/JavaApplication/src/javaapplication/JavaApplication.java</file>
            <file>file:/home/hsnt/Java/JavaApplication/src/ui/images/user.png</file>
            <file>file:/home/hsnt/Java/JavaApplication/src/ui/MediaList.java</file>
            <file>file:/home/hsnt/Java/JavaApplication/src/ui/Login.java</file>
        </group>
    </open-files>
</project-private>
